{
  "losses": [
    0.0061184017064604785
  ],
  "metrics": {
    "both": {
      "optimistic": {
        "adjusted_arithmetic_mean_rank": 0.957529485090028,
        "adjusted_arithmetic_mean_rank_index": 0.04247260998998181,
        "adjusted_geometric_mean_rank_index": 0.05936463049516194,
        "adjusted_hits_at_k": -0.0002467064183108016,
        "adjusted_inverse_harmonic_mean_rank": -4.51188504033937e-05,
        "arithmetic_mean_rank": 19411.562414500684,
        "count": 5848.0,
        "geometric_mean_rank": 14033.291624226005,
        "harmonic_mean_rank": 4332.283954376714,
        "hits_at_1": 0.0,
        "hits_at_10": 0.0,
        "hits_at_3": 0.0,
        "hits_at_5": 0.0,
        "inverse_arithmetic_mean_rank": 5.151568836380668e-05,
        "inverse_geometric_mean_rank": 7.125911915588472e-05,
        "inverse_harmonic_mean_rank": 0.00023082512839209084,
        "inverse_median_rank": 5.2166201518036465e-05,
        "median_absolute_deviation": 14619.940476683742,
        "median_rank": 19169.5,
        "standard_deviation": 11577.34625806542,
        "variance": 134034946.37914138,
        "z_arithmetic_mean_rank": 5.6255123428365295,
        "z_geometric_mean_rank": 4.5436817737142405,
        "z_hits_at_k": -1.2011407640479883,
        "z_inverse_harmonic_mean_rank": -0.5420534359141929
      },
      "pessimistic": {
        "adjusted_arithmetic_mean_rank": 0.9575295188299667,
        "adjusted_arithmetic_mean_rank_index": 0.042472576248378635,
        "adjusted_geometric_mean_rank_index": 0.05936455121359063,
        "adjusted_hits_at_k": -0.0002467064183108016,
        "adjusted_inverse_harmonic_mean_rank": -4.5118865002284316e-05,
        "arithmetic_mean_rank": 19411.56309849521,
        "count": 5848.0,
        "geometric_mean_rank": 14033.292806939482,
        "harmonic_mean_rank": 4332.284228303094,
        "hits_at_1": 0.0,
        "hits_at_10": 0.0,
        "hits_at_3": 0.0,
        "hits_at_5": 0.0,
        "inverse_arithmetic_mean_rank": 5.151568654857682e-05,
        "inverse_geometric_mean_rank": 7.125911315022934e-05,
        "inverse_harmonic_mean_rank": 0.00023082511379722852,
        "inverse_median_rank": 5.2166201518036465e-05,
        "median_absolute_deviation": 14619.940476683742,
        "median_rank": 19169.5,
        "standard_deviation": 11577.345979438427,
        "variance": 134034939.92761913,
        "z_arithmetic_mean_rank": 5.625507873749157,
        "z_geometric_mean_rank": 4.543675705619037,
        "z_hits_at_k": -1.2011407640479883,
        "z_inverse_harmonic_mean_rank": -0.5420536113038303
      },
      "realistic": {
        "adjusted_arithmetic_mean_rank": 0.9575294893075204,
        "adjusted_arithmetic_mean_rank_index": 0.0424726057722814,
        "adjusted_geometric_mean_rank_index": 0.05936467129189327,
        "adjusted_hits_at_k": -0.0002467064183108016,
        "adjusted_inverse_harmonic_mean_rank": -4.511885613210878e-05,
        "arithmetic_mean_rank": 19411.5625,
        "count": 5848.0,
        "geometric_mean_rank": 14033.291015625,
        "harmonic_mean_rank": 4332.284061867493,
        "hits_at_1": 0.0,
        "hits_at_10": 0.0,
        "hits_at_3": 0.0,
        "hits_at_5": 0.0,
        "inverse_arithmetic_mean_rank": 5.151568984729238e-05,
        "inverse_geometric_mean_rank": 7.125912088667974e-05,
        "inverse_harmonic_mean_rank": 0.0002308251226649565,
        "inverse_median_rank": 5.2166200475767255e-05,
        "median_absolute_deviation": 14619.940476683742,
        "median_rank": 19169.5,
        "standard_deviation": 11577.3466796875,
        "variance": 134034952.0,
        "z_arithmetic_mean_rank": 5.6255117842006115,
        "z_geometric_mean_rank": 4.543684896236243,
        "z_hits_at_k": -1.2011407640479883,
        "z_inverse_harmonic_mean_rank": -0.542053504738413
      }
    },
    "head": {
      "optimistic": {
        "adjusted_arithmetic_mean_rank": 0.9730530770485201,
        "adjusted_arithmetic_mean_rank_index": 0.02694825254421096,
        "adjusted_geometric_mean_rank_index": 0.039105037700472356,
        "adjusted_hits_at_k": -0.000246761461662804,
        "adjusted_inverse_harmonic_mean_rank": -6.067768027076157e-05,
        "arithmetic_mean_rank": 19721.888850889194,
        "count": 2924.0,
        "geometric_mean_rank": 14333.556774736979,
        "harmonic_mean_rank": 4644.107476858051,
        "hits_at_1": 0.0,
        "hits_at_10": 0.0,
        "hits_at_3": 0.0,
        "hits_at_5": 0.0,
        "inverse_arithmetic_mean_rank": 5.070508243711724e-05,
        "inverse_geometric_mean_rank": 6.976635427729346e-05,
        "inverse_harmonic_mean_rank": 0.00021532662734079214,
        "inverse_median_rank": 5.0982691376277755e-05,
        "median_absolute_deviation": 14551.740774632482,
        "median_rank": 19614.5,
        "standard_deviation": 11603.547023369863,
        "variance": 134642303.5235556,
        "z_arithmetic_mean_rank": 2.523878782281656,
        "z_geometric_mean_rank": 2.1166687383710396,
        "z_hits_at_k": -0.8494295229720188,
        "z_inverse_harmonic_mean_rank": -0.5154062349288522
      },
      "pessimistic": {
        "adjusted_arithmetic_mean_rank": 0.9730530770485201,
        "adjusted_arithmetic_mean_rank_index": 0.02694825254421096,
        "adjusted_geometric_mean_rank_index": 0.039105037700472356,
        "adjusted_hits_at_k": -0.000246761461662804,
        "adjusted_inverse_harmonic_mean_rank": -6.067768027076157e-05,
        "arithmetic_mean_rank": 19721.888850889194,
        "count": 2924.0,
        "geometric_mean_rank": 14333.556774736979,
        "harmonic_mean_rank": 4644.107476858051,
        "hits_at_1": 0.0,
        "hits_at_10": 0.0,
        "hits_at_3": 0.0,
        "hits_at_5": 0.0,
        "inverse_arithmetic_mean_rank": 5.070508243711724e-05,
        "inverse_geometric_mean_rank": 6.976635427729346e-05,
        "inverse_harmonic_mean_rank": 0.00021532662734079214,
        "inverse_median_rank": 5.0982691376277755e-05,
        "median_absolute_deviation": 14551.740774632482,
        "median_rank": 19614.5,
        "standard_deviation": 11603.547023369863,
        "variance": 134642303.5235556,
        "z_arithmetic_mean_rank": 2.523878782281656,
        "z_geometric_mean_rank": 2.1166687383710396,
        "z_hits_at_k": -0.8494295229720188,
        "z_inverse_harmonic_mean_rank": -0.5154062349288522
      },
      "realistic": {
        "adjusted_arithmetic_mean_rank": 0.9730530682161859,
        "adjusted_arithmetic_mean_rank_index": 0.02694826137698092,
        "adjusted_geometric_mean_rank_index": 0.03910543952071521,
        "adjusted_hits_at_k": -0.000246761461662804,
        "adjusted_inverse_harmonic_mean_rank": -6.067767681864852e-05,
        "arithmetic_mean_rank": 19721.888671875,
        "count": 2924.0,
        "geometric_mean_rank": 14333.55078125,
        "harmonic_mean_rank": 4644.1074024243435,
        "hits_at_1": 0.0,
        "hits_at_10": 0.0,
        "hits_at_3": 0.0,
        "hits_at_5": 0.0,
        "inverse_arithmetic_mean_rank": 5.070508268545382e-05,
        "inverse_geometric_mean_rank": 6.976638542255387e-05,
        "inverse_harmonic_mean_rank": 0.00021532663079195245,
        "inverse_median_rank": 5.098268957226537e-05,
        "median_absolute_deviation": 14551.740774632482,
        "median_rank": 19614.5,
        "standard_deviation": 11603.546875,
        "variance": 134642304.0,
        "z_arithmetic_mean_rank": 2.5238796095278957,
        "z_geometric_mean_rank": 2.116690488007322,
        "z_hits_at_k": -0.8494295229720188,
        "z_inverse_harmonic_mean_rank": -0.515406205606034
      }
    },
    "tail": {
      "optimistic": {
        "adjusted_arithmetic_mean_rank": 0.9420127795069128,
        "adjusted_arithmetic_mean_rank_index": 0.057990080381152276,
        "adjusted_geometric_mean_rank_index": 0.07935424362919252,
        "adjusted_hits_at_k": -0.0002466513749648574,